{"cameraMode":{"drawMode":0,"name":"Shaded","section":"Shading Mode"},"sceneLighting":true,"audioPlay":false,"sceneViewState":{"showFog":true,"showMaterialUpdate":false,"showSkybox":true,"showFlares":true,"showImageEffects":true,"showParticleSystems":true},"in2DMode":false,"pivot":{"x":0.4150870144367218,"y":1.5946179628372193,"z":0.45290565490722659},"rotation":{"x":0.003725004382431507,"y":0.9627911448478699,"z":-0.2698941230773926,"w":0.013288216665387154},"size":-0.7003526091575623,"orthographic":false}