{"cameraMode":{"drawMode":0,"name":"Shaded","section":"Shading Mode"},"sceneLighting":true,"audioPlay":false,"sceneViewState":{"showFog":true,"showMaterialUpdate":false,"showSkybox":true,"showFlares":true,"showImageEffects":true,"showParticleSystems":true},"in2DMode":false,"pivot":{"x":6.192896842956543,"y":3.6417129039764406,"z":9.136361122131348},"rotation":{"x":0.03161698579788208,"y":-0.9595687985420227,"z":-0.12008565664291382,"w":-0.252601683139801},"size":1.5752747058868409,"orthographic":false}