{"cameraMode":{"drawMode":0,"name":"Shaded","section":"Shading Mode"},"sceneLighting":true,"audioPlay":false,"sceneViewState":{"showFog":true,"showMaterialUpdate":false,"showSkybox":true,"showFlares":true,"showImageEffects":true,"showParticleSystems":true},"in2DMode":false,"pivot":{"x":-104.56132507324219,"y":-33.486202239990237,"z":52.79048538208008},"rotation":{"x":-0.15748389065265656,"y":0.5561873912811279,"z":-0.10829856246709824,"w":-0.8087804317474365},"size":143.94476318359376,"orthographic":false}